{
    "$schema": "http://schema.management.azure.com/schemas/2015-01-01/deploymentTemplate.json#",
    "contentVersion": "1.0.0.0",
    "parameters": {
        "location": {
            "type": "String"
        },
        "storageAccountName": {
            "type": "String"
        },
        "accountType": {
            "type": "String"
        },
        "kind": {
            "type": "String"
        },
        "accessTier": {
            "type": "String"
        },
        "supportsHttpsTrafficOnly": {
            "type": "Bool"
        },
        "isHnsEnabled": {
            "type": "Bool"
        }
    },
    "variables": {},
    "resources": [
        {
            "type": "Microsoft.Storage/storageAccounts",
            "apiVersion": "2019-04-01",
            "name": "[parameters('storageAccountName')]",
            "location": "[parameters('location')]",
            "dependsOn": [],
            "sku": {
                "name": "[parameters('accountType')]"
            },
            "kind": "[parameters('kind')]",
            "properties": {
                "accessTier": "[parameters('accessTier')]",
                "supportsHttpsTrafficOnly": "[parameters('supportsHttpsTrafficOnly')]",
                "isHnsEnabled": "[parameters('isHnsEnabled')]"
            }
        }
    ],
    "outputs": {}
}