{
    "$schema": "https://schema.management.azure.com/schemas/2015-01-01/deploymentParameters.json#",
    "contentVersion": "1.0.0.0",
    "parameters": {
        "subscriptionId": {
            "value": "160c90f1-6bbe-4276-91f3-f732cc0a45db"
        },
        "name": {
            "value": "edc2019-common"
        },
        "location": {
            "value": "North Europe"
        },
        "hostingEnvironment": {
            "value": ""
        },
        "hostingPlanName": {
            "value": "edc2019-common-asp"
        },
        "serverFarmResourceGroup": {
            "value": "EDC2019Common"
        },
        "alwaysOn": {
            "value": true
        },
        "sku": {
            "value": "Standard"
        },
        "skuCode": {
            "value": "S1"
        },
        "workerSize": {
            "value": "0"
        },
        "workerSizeId": {
            "value": "0"
        },
        "numberOfWorkers": {
            "value": "1"
        },
        "currentStack": {
            "value": "dotnetcore"
        }
    }
}