{
    "$schema": "https://schema.management.azure.com/schemas/2015-01-01/deploymentParameters.json#",
    "contentVersion": "1.0.0.0",
    "parameters": {
        "factoryName": {
            "value": "edc2019-common-df"
        },
        "EDC2019CommonSQL_connectionString": {
            "value": ""
        },
        "IWIT_servicePrincipalKey": {
            "value": ""
        },
        "NPD FactPages_properties_typeProperties_url": {
            "value": "http://factpages.npd.no"
        },
        "EDC2019CommonDLS_properties_typeProperties_url": {
            "value": "https://edc2019dls.dfs.core.windows.net"
        },
        "IWIT_properties_typeProperties_url": {
            "value": "https://iwitprod.azurewebsites.net"
        },
        "IWIT_properties_typeProperties_servicePrincipalId": {
            "value": "ff53907a-d176-4480-86a8-0a029115bb0b"
        },
        "IWIT_properties_typeProperties_tenant": {
            "value": "3aa4a235-b6e2-48d5-9195-7fcf05b459b0"
        },
        "IWIT_properties_typeProperties_aadResourceId": {
            "value": "ff53907a-d176-4480-86a8-0a029115bb0b"
        },
        "AzureBlobStorage1_properties_typeProperties_connectionString_secretName": {
            "value": "blob"
        },
        "kv_edc2019_properties_typeProperties_baseUrl": {
            "value": "https://edc2019-common-kv.vault.azure.net/"
        },
        "EDC2019CommonBL_properties_typeProperties_serviceEndpoint": {
            "value": "https://omniatutorial.blob.core.windows.net"
        },
        "Wellbore_BL_JSON_properties_typeProperties_fileName": {
            "value": "wellbore.json"
        },
        "Wellbore_BL_JSON_properties_typeProperties_folderPath": {
            "value": "factpages"
        },
        "containerUri": {
            "value": ""
        },
        "containerSasToken": {
            "value": ""
        }
    }
}