[
  {
    "id": "/subscriptions/160c90f1-6bbe-4276-91f3-f732cc0a45db/resourceGroups/EDC2019Common/providers/Microsoft.Resources/deployments/Microsoft.DataFactory-edc2019-common-df/operations/6B7DCAFFDA1F09AF",
    "operationId": "6B7DCAFFDA1F09AF",
    "properties": {
      "provisioningOperation": "Create",
      "provisioningState": "Succeeded",
      "timestamp": "2019-09-03T09:59:59.153342Z",
      "duration": "PT4.3828782S",
      "trackingId": "e70168de-6ce5-442a-abb5-29981f9d20be",
      "statusCode": "OK",
      "targetResource": {
        "id": "/subscriptions/160c90f1-6bbe-4276-91f3-f732cc0a45db/resourceGroups/EDC2019Common/providers/Microsoft.DataFactory/factories/edc2019-common-df",
        "resourceType": "Microsoft.DataFactory/factories",
        "resourceName": "edc2019-common-df"
      }
    }
  },
  {
    "id": "/subscriptions/160c90f1-6bbe-4276-91f3-f732cc0a45db/resourceGroups/EDC2019Common/providers/Microsoft.Resources/deployments/Microsoft.DataFactory-edc2019-common-df/operations/08586341020911170801",
    "operationId": "08586341020911170801",
    "properties": {
      "provisioningOperation": "EvaluateDeploymentOutput",
      "provisioningState": "Succeeded",
      "timestamp": "2019-09-03T09:59:59.4642336Z",
      "duration": "PT0.2077514S",
      "trackingId": "c7090198-d83f-4d9f-a10c-e24d0feda162",
      "statusCode": "OK",
      "statusMessage": null
    }
  }
]