[
  {
    "id": "/subscriptions/160c90f1-6bbe-4276-91f3-f732cc0a45db/resourceGroups/EDC2019Common/providers/Microsoft.Resources/deployments/Microsoft.StorageAccount-20190816150617/operations/1029FE3B29CC5D8D",
    "operationId": "1029FE3B29CC5D8D",
    "properties": {
      "provisioningOperation": "Create",
      "provisioningState": "Succeeded",
      "timestamp": "2019-08-16T13:07:59.7884934Z",
      "duration": "PT24.4493697S",
      "trackingId": "a883d205-cc7b-4fab-bb4a-b146b13f107a",
      "statusCode": "OK",
      "targetResource": {
        "id": "/subscriptions/160c90f1-6bbe-4276-91f3-f732cc0a45db/resourceGroups/EDC2019Common/providers/Microsoft.Storage/storageAccounts/omniatutorial",
        "resourceType": "Microsoft.Storage/storageAccounts",
        "resourceName": "omniatutorial"
      }
    }
  },
  {
    "id": "/subscriptions/160c90f1-6bbe-4276-91f3-f732cc0a45db/resourceGroups/EDC2019Common/providers/Microsoft.Resources/deployments/Microsoft.StorageAccount-20190816150617/operations/08586356460309243357",
    "operationId": "08586356460309243357",
    "properties": {
      "provisioningOperation": "EvaluateDeploymentOutput",
      "provisioningState": "Succeeded",
      "timestamp": "2019-08-16T13:08:00.1458848Z",
      "duration": "PT0.2214983S",
      "trackingId": "6bae35f4-b0a5-4e8a-87c8-1ce578785016",
      "statusCode": "OK",
      "statusMessage": null
    }
  }
]