{
  "id": "/subscriptions/160c90f1-6bbe-4276-91f3-f732cc0a45db/resourceGroups/EDC2019Common/providers/Microsoft.Resources/deployments/Microsoft.StorageAccount-20190816150617",
  "name": "Microsoft.StorageAccount-20190816150617",
  "type": "Microsoft.Resources/deployments",
  "properties": {
    "templateHash": "9972294836332689312",
    "parameters": {
      "location": {
        "type": "String",
        "value": "northeurope"
      },
      "storageAccountName": {
        "type": "String",
        "value": "omniatutorial"
      },
      "accountType": {
        "type": "String",
        "value": "Standard_LRS"
      },
      "kind": {
        "type": "String",
        "value": "StorageV2"
      },
      "accessTier": {
        "type": "String",
        "value": "Hot"
      },
      "supportsHttpsTrafficOnly": {
        "type": "Bool",
        "value": true
      }
    },
    "mode": "Incremental",
    "debugSetting": {
      "detailLevel": "None"
    },
    "provisioningState": "Succeeded",
    "timestamp": "2019-08-16T13:08:00.2149372Z",
    "duration": "PT25.6616626S",
    "correlationId": "d18d3fff-bbe5-4fe0-8d16-3b1463c7d2f6",
    "providers": [
      {
        "namespace": "Microsoft.Storage",
        "resourceTypes": [
          {
            "resourceType": "storageAccounts",
            "locations": [
              "northeurope"
            ]
          }
        ]
      }
    ],
    "dependencies": [],
    "outputs": {},
    "outputResources": [
      {
        "id": "/subscriptions/160c90f1-6bbe-4276-91f3-f732cc0a45db/resourceGroups/EDC2019Common/providers/Microsoft.Storage/storageAccounts/omniatutorial"
      }
    ],
    "validationLevel": "Template"
  }
}