{
    "$schema": "http://schema.management.azure.com/schemas/2014-04-01-preview/deploymentTemplate.json#",
    "contentVersion": "1.0.0.0",
    "parameters": {
        "administratorLogin": {
            "type": "String"
        },
        "administratorLoginPassword": {
            "type": "SecureString"
        },
        "collation": {
            "type": "String"
        },
        "databaseName": {
            "type": "String"
        },
        "tier": {
            "type": "String"
        },
        "skuName": {
            "type": "String"
        },
        "location": {
            "type": "String"
        },
        "maxSizeBytes": {
            "type": "Int"
        },
        "serverName": {
            "type": "String"
        },
        "sampleName": {
            "defaultValue": "",
            "type": "String"
        },
        "zoneRedundant": {
            "defaultValue": false,
            "type": "Bool"
        },
        "licenseType": {
            "defaultValue": "",
            "type": "String"
        },
        "readScaleOut": {
            "defaultValue": "Disabled",
            "type": "String"
        },
        "numberOfReplicas": {
            "defaultValue": 0,
            "type": "Int"
        },
        "minCapacity": {
            "defaultValue": "",
            "type": "String"
        },
        "autoPauseDelay": {
            "defaultValue": "",
            "type": "String"
        },
        "enableADS": {
            "defaultValue": false,
            "type": "Bool"
        },
        "allowAzureIps": {
            "defaultValue": true,
            "type": "Bool"
        },
        "databaseTags": {
            "defaultValue": {},
            "type": "Object"
        },
        "serverTags": {
            "defaultValue": {},
            "type": "Object"
        },
        "enableVA": {
            "defaultValue": false,
            "type": "Bool"
        }
    },
    "variables": {
        "subscriptionId": "[subscription().subscriptionId]",
        "resourceGroupName": "[resourceGroup().name]",
        "uniqueStorage": "[uniqueString(variables('subscriptionId'), variables('resourceGroupName'), parameters('location'))]",
        "storageName": "[tolower(concat('sqlva', variables('uniqueStorage')))]"
    },
    "resources": [
        {
            "type": "Microsoft.Storage/storageAccounts",
            "apiVersion": "2016-01-01",
            "name": "[variables('storageName')]",
            "location": "[parameters('location')]",
            "sku": {
                "name": "Standard_LRS"
            },
            "kind": "Storage",
            "properties": {},
            "condition": "[parameters('enableVA')]"
        },
        {
            "type": "Microsoft.Sql/servers",
            "apiVersion": "2015-05-01-preview",
            "name": "[parameters('serverName')]",
            "location": "[parameters('location')]",
            "tags": "[parameters('serverTags')]",
            "properties": {
                "administratorLogin": "[parameters('administratorLogin')]",
                "administratorLoginPassword": "[parameters('administratorLoginPassword')]",
                "version": "12.0"
            },
            "resources": [
                {
                    "type": "databases",
                    "apiVersion": "2017-10-01-preview",
                    "name": "[parameters('databaseName')]",
                    "location": "[parameters('location')]",
                    "dependsOn": [
                        "[concat('Microsoft.Sql/servers/', parameters('serverName'))]"
                    ],
                    "tags": "[parameters('databaseTags')]",
                    "sku": {
                        "name": "[parameters('skuName')]",
                        "tier": "[parameters('tier')]"
                    },
                    "properties": {
                        "collation": "[parameters('collation')]",
                        "maxSizeBytes": "[parameters('maxSizeBytes')]",
                        "sampleName": "[parameters('sampleName')]",
                        "zoneRedundant": "[parameters('zoneRedundant')]",
                        "licenseType": "[parameters('licenseType')]",
                        "readScale": "[parameters('readScaleOut')]",
                        "readReplicaCount": "[parameters('numberOfReplicas')]",
                        "minCapacity": "[parameters('minCapacity')]",
                        "autoPauseDelay": "[parameters('autoPauseDelay')]"
                    }
                },
                {
                    "type": "firewallrules",
                    "apiVersion": "2014-04-01-preview",
                    "name": "AllowAllWindowsAzureIps",
                    "location": "[parameters('location')]",
                    "dependsOn": [
                        "[concat('Microsoft.Sql/servers/', parameters('serverName'))]"
                    ],
                    "properties": {
                        "endIpAddress": "0.0.0.0",
                        "startIpAddress": "0.0.0.0"
                    },
                    "condition": "[parameters('allowAzureIps')]"
                },
                {
                    "type": "securityAlertPolicies",
                    "apiVersion": "2017-03-01-preview",
                    "name": "Default",
                    "dependsOn": [
                        "[concat('Microsoft.Sql/servers/', parameters('serverName'))]",
                        "[concat('Microsoft.Sql/servers/', parameters('serverName'), '/databases/', parameters('databaseName'))]"
                    ],
                    "properties": {
                        "state": "Enabled",
                        "disabledAlerts": [],
                        "emailAddresses": [],
                        "emailAccountAdmins": true
                    },
                    "condition": "[parameters('enableADS')]"
                },
                {
                    "type": "vulnerabilityAssessments",
                    "apiVersion": "2018-06-01-preview",
                    "name": "Default",
                    "dependsOn": [
                        "[concat('Microsoft.Sql/servers/', parameters('serverName'))]",
                        "[concat('Microsoft.Storage/storageAccounts/', variables('storageName'))]",
                        "[concat('Microsoft.Sql/servers/', parameters('serverName'), '/securityAlertPolicies/Default')]"
                    ],
                    "properties": {
                        "storageContainerPath": "[if(parameters('enableVA'), concat(reference(variables('storageName'), '2018-02-01').primaryEndpoints.blob, 'vulnerability-assessment'), '')]",
                        "storageAccountAccessKey": "[if(parameters('enableVA'), listKeys(variables('storageName'), '2018-02-01').keys[0].value, '')]",
                        "recurringScans": {
                            "isEnabled": true,
                            "emailSubscriptionAdmins": true,
                            "emails": []
                        }
                    },
                    "condition": "[parameters('enableVA')]"
                }
            ]
        }
    ]
}