{
  "id": "/subscriptions/160c90f1-6bbe-4276-91f3-f732cc0a45db/resourceGroups/EDC2019Common/providers/Microsoft.Resources/deployments/edc2019-common-kv",
  "name": "edc2019-common-kv",
  "type": "Microsoft.Resources/deployments",
  "properties": {
    "templateHash": "14338718117390041554",
    "parameters": {
      "name": {
        "type": "String",
        "value": "edc2019-common-kv"
      },
      "location": {
        "type": "String",
        "value": "northeurope"
      },
      "sku": {
        "type": "String",
        "value": "Standard"
      },
      "accessPolicies": {
        "type": "Array",
        "value": [
          {
            "objectId": "c5f931df-8725-4611-9594-378ec0a82c13",
            "tenantId": "3aa4a235-b6e2-48d5-9195-7fcf05b459b0",
            "permissions": {
              "keys": [],
              "secrets": [
                "Get",
                "List"
              ],
              "certificates": []
            },
            "applicationId": null
          },
          {
            "objectId": "2ef1435e-5e8e-48c8-9f3b-4b418cd11c15",
            "tenantId": "3aa4a235-b6e2-48d5-9195-7fcf05b459b0",
            "permissions": {
              "keys": [
                "Get",
                "List",
                "Update",
                "Create",
                "Import",
                "Delete",
                "Recover",
                "Backup",
                "Restore"
              ],
              "secrets": [
                "Get",
                "List",
                "Set",
                "Delete",
                "Recover",
                "Backup",
                "Restore"
              ],
              "certificates": [
                "Get",
                "List",
                "Update",
                "Create",
                "Import",
                "Delete",
                "Recover",
                "Backup",
                "Restore",
                "ManageContacts",
                "ManageIssuers",
                "GetIssuers",
                "ListIssuers",
                "SetIssuers",
                "DeleteIssuers"
              ]
            },
            "applicationId": null
          }
        ]
      },
      "tenant": {
        "type": "String",
        "value": "3aa4a235-b6e2-48d5-9195-7fcf05b459b0"
      },
      "enabledForDeployment": {
        "type": "Bool",
        "value": false
      },
      "enabledForTemplateDeployment": {
        "type": "Bool",
        "value": false
      },
      "enabledForDiskEncryption": {
        "type": "Bool",
        "value": false
      },
      "networkAcls": {
        "type": "Object",
        "value": {
          "defaultAction": "Allow",
          "bypass": "AzureServices",
          "ipRules": [],
          "virtualNetworkRules": []
        }
      }
    },
    "mode": "Incremental",
    "debugSetting": {
      "detailLevel": "None"
    },
    "provisioningState": "Succeeded",
    "timestamp": "2019-09-09T13:42:30.1453144Z",
    "duration": "PT19.9528748S",
    "correlationId": "dd0a779e-958e-40fa-9189-20fbdf74ce29",
    "providers": [
      {
        "namespace": "Microsoft.KeyVault",
        "resourceTypes": [
          {
            "resourceType": "vaults",
            "locations": [
              "northeurope"
            ]
          }
        ]
      }
    ],
    "dependencies": [],
    "outputResources": [
      {
        "id": "/subscriptions/160c90f1-6bbe-4276-91f3-f732cc0a45db/resourceGroups/EDC2019Common/providers/Microsoft.KeyVault/vaults/edc2019-common-kv"
      }
    ],
    "validationLevel": "Template"
  }
}